{"games":{"8216077556":{"backdoors":["ReplicatedStorage.RemoteEvent"],"timestamp":1662150606},"6131060067":{"backdoors":["Workspace.SurvivalTheKillers.Workspace.LaunchPads.LaunchPad.TouchPart.Script.LaunchPad.MainFrame.Execute.gay"],"timestamp":1662353073}},"settings":{"canDebug":true,"codeColors":{"builtin":{"R":0.5137255191802979,"B":1,"G":0.8078431487083435},"string":{"R":0.7686274647712708,"B":0.7568627595901489,"G":1},"number":{"R":1,"B":0.4901960790157318,"G":0.4901960790157318},"comment":{"R":0.5490196347236633,"B":0.6078431606292725,"G":0.5490196347236633},"operator":{"R":1,"B":0.5803921818733215,"G":0.9372549057006836},"background":{"R":0.18431372940540315,"B":0.18431372940540315,"G":0.18431372940540315},"keyword":{"R":0.843137264251709,"B":1,"G":0.6823529601097107},"iden":{"R":0.9176470637321472,"B":0.9176470637321472,"G":0.9176470637321472}}},"scripts":[]}